date,consensus_mom
"Apr 10, 2026",1.0
"Mar 11, 2026",0.3
"Feb 13, 2026",0.3
"Jan 13, 2026",0.3
"Oct 24, 2025",0.4
"Sep 11, 2025",0.3
"Aug 12, 2025",0.2
"Jul 15, 2025",0.3
"Jun 11, 2025",0.2
"May 13, 2025",0.3
"Apr 10, 2025",0.1
"Mar 12, 2025",0.3
"Feb 12, 2025",0.3
"Jan 15, 2025",0.4
"Dec 11, 2024",0.3
"Nov 13, 2024",0.2
"Oct 10, 2024",0.1
"Sep 11, 2024",0.2
"Aug 14, 2024",0.2
"Jul 11, 2024",0.1
"Jun 12, 2024",0.1
"May 15, 2024",0.4
"Apr 10, 2024",0.3
"Mar 12, 2024",0.4
"Feb 13, 2024",0.2
"Jan 11, 2024",0.2
"Dec 12, 2023",0.0
"Nov 14, 2023",0.1
"Oct 12, 2023",0.3
"Sep 13, 2023",0.6
"Aug 10, 2023",0.2
"Jul 12, 2023",0.3
"Jun 13, 2023",0.2
"May 10, 2023",0.4
"Apr 12, 2023",0.2
"Mar 14, 2023",0.4
"Feb 14, 2023",0.5
"Jan 12, 2023",0.0
"Dec 13, 2022",0.3
"Nov 10, 2022",0.6
"Oct 13, 2022",0.2
"Sep 13, 2022",-0.1
"Aug 10, 2022",0.2
"Jul 13, 2022",1.1
"Jun 10, 2022",0.7
"May 11, 2022",0.2
"Apr 12, 2022",1.2
"Mar 10, 2022",0.8
"Feb 10, 2022",0.5
"Jan 12, 2022",0.4
"Dec 10, 2021",0.7
"Nov 10, 2021",0.6
"Oct 13, 2021",0.3
"Sep 14, 2021",0.4
"Aug 11, 2021",0.5
"Jul 13, 2021",0.5
"Jun 10, 2021",0.4
"May 12, 2021",0.2
"Apr 13, 2021",0.5
"Mar 10, 2021",0.4
"Feb 10, 2021",0.3
"Jan 13, 2021",0.4
"Dec 10, 2020",0.1
"Nov 12, 2020",0.1
"Oct 13, 2020",0.2
"Sep 11, 2020",0.3
"Aug 12, 2020",0.3
"Jul 14, 2020",0.5
"Jun 10, 2020",-0.1
"May 12, 2020",-0.8
"Apr 10, 2020",-0.3
"Mar 11, 2020",0.2
"Feb 13, 2020",0.2
"Jan 14, 2020",0.3
"Dec 11, 2019",0.2
"Nov 13, 2019",0.3
"Oct 10, 2019",0.1
"Sep 12, 2019",0.1
"Aug 13, 2019",0.3
"Jul 11, 2019",0.0
"Jun 12, 2019",0.1
"May 10, 2019",0.4
"Apr 10, 2019",0.3
"Mar 12, 2019",0.2
"Feb 13, 2019",0.1
"Jan 11, 2019",-0.1
"Dec 12, 2018",0.1
"Nov 14, 2018",0.3
"Oct 11, 2018",0.2
"Sep 13, 2018",0.3
"Aug 10, 2018",0.2
"Jul 12, 2018",0.2
"Jun 12, 2018",0.2
"May 10, 2018",0.3
"Apr 11, 2018",0.0
"Mar 13, 2018",0.2
"Feb 14, 2018",0.3
"Jan 12, 2018",0.2
"Dec 13, 2017",0.4
"Nov 15, 2017",0.1
"Oct 13, 2017",0.6
"Sep 14, 2017",0.3
"Aug 11, 2017",0.2
"Jul 14, 2017",0.1
"Jun 14, 2017",0.1
"May 12, 2017",0.2
"Apr 14, 2017",0.1
"Mar 15, 2017",0.1
"Feb 15, 2017",0.3
"Jan 18, 2017",0.3
"Dec 15, 2016",0.2
"Nov 17, 2016",0.4
"Oct 18, 2016",0.3
"Sep 16, 2016",0.1
"Aug 16, 2016",0.1
"Jul 15, 2016",0.3
"Jun 16, 2016",0.3
"May 17, 2016",0.3
"Apr 14, 2016",0.2
"Mar 16, 2016",-0.2
"Feb 19, 2016",-0.1
"Jan 20, 2016",0.0
"Dec 15, 2015",0.0
"Nov 17, 2015",0.2
"Oct 15, 2015",-0.2
"Sep 16, 2015",-0.1
"Aug 19, 2015",0.2
"Jul 17, 2015",0.3
"Jun 18, 2015",0.5
"May 22, 2015",0.1
"Apr 17, 2015",0.3
"Mar 24, 2015",0.2
"Feb 26, 2015",-0.6
"Jan 16, 2015",-0.4
"Dec 17, 2014",-0.1
"Nov 20, 2014",-0.1
"Oct 22, 2014",0.1
"Sep 17, 2014",0.1
"Aug 19, 2014",0.1
"Jul 22, 2014",0.3
"Jun 17, 2014",0.2
"May 15, 2014",0.3
"Apr 15, 2014",0.1
"Mar 18, 2014",0.1
"Feb 20, 2014",0.1
"Jan 16, 2014",0.3
"Dec 17, 2013",0.1
"Nov 20, 2013",0.1
"Oct 30, 2013",0.2
"Sep 17, 2013",0.2
"Aug 15, 2013",0.2
"Jul 16, 2013",0.3
"Jun 18, 2013",0.2
"May 16, 2013",-0.2
"Apr 16, 2013",0.1
"Mar 15, 2013",0.5
"Feb 21, 2013",0.1
"Jan 16, 2013",0.0
"Dec 14, 2012",-0.2
"Nov 15, 2012",0.1
"Oct 16, 2012",0.5
"Sep 14, 2012",0.5
"Aug 15, 2012",0.2
"Jul 17, 2012",-0.1
"Jun 14, 2012",-0.2
"May 15, 2012",0.1
"Apr 13, 2012",0.3
"Mar 16, 2012",0.4
"Feb 17, 2012",0.3
"Jan 19, 2012",0.2
"Dec 16, 2011",0.1
"Nov 16, 2011",0.0
"Oct 19, 2011",0.3
"Sep 15, 2011",0.2
"Aug 18, 2011",0.2
"Jul 15, 2011",-0.1
"Jun 15, 2011",0.1
"May 13, 2011",0.4
"Apr 15, 2011",0.5
"Mar 17, 2011",0.4
"Feb 17, 2011",0.3
"Jan 14, 2011",0.4
"Dec 15, 2010",0.2
"Nov 17, 2010",0.3
"Oct 15, 2010",0.2
"Sep 17, 2010",0.2
"Aug 13, 2010",0.2
"Jul 16, 2010",0.1
"Jun 17, 2010",-0.2
"May 19, 2010",0.2
"Apr 14, 2010",0.1
"Mar 18, 2010",0.1
"Feb 19, 2010",0.3
"Jan 15, 2010",0.2
"Dec 16, 2009",0.4
"Nov 18, 2009",0.2
"Oct 15, 2009",0.2
"Sep 16, 2009",0.4
"Aug 14, 2009",0.0
"Jul 15, 2009",0.6
"Jun 17, 2009",0.3
"May 15, 2009",0.0
"Apr 15, 2009",0.1
"Mar 18, 2009",0.3
"Feb 20, 2009",0.2
"Jan 16, 2009",-0.9
"Dec 16, 2008",-1.2
"Nov 19, 2008",-0.8
"Oct 16, 2008",0.0
"Sep 16, 2008",0.0
"Aug 14, 2008",0.4
"Jul 16, 2008",0.7
"Jun 13, 2008",0.5
"May 14, 2008",0.3
"Apr 16, 2008",0.3
"Mar 14, 2008",0.3